TS_ID,Name,Constant
5485a8684bdc2da71d8b4567,"Ammo",BaseClasses.AMMO
543be5cb4bdc2deb348b4568,"Ammo container",BaseClasses.AMMO_BOX
5b3f15d486f77432d0509248,"UNKNOWN",BaseClasses.ARM_BAND
5448e54d4bdc2dcc718b4568,"Armor",BaseClasses.ARMOR
644120aa86ffbe10ee032b6f,"UNKNOWN",BaseClasses.ARMOR_PLATE
57bef4c42459772e8d35a53b,"Armored equipment",BaseClasses.ARMORED_EQUIPMENT
5447b5fc4bdc2d87278b4567,"Assault carbine",BaseClasses.ASSAULT_CARBINE
5447b5f14bdc2d61278b4567,"Assault rifle",BaseClasses.ASSAULT_RIFLE
55818add4bdc2d5b648b456f,"Assault scope",BaseClasses.ASSAULT_SCOPE
5a74651486f7744e73386dd1,"UNKNOWN",BaseClasses.AUXILIARY_MOD
5448e53e4bdc2d60728b4567,"Backpack",BaseClasses.BACKPACK
555ef6e44bdc2de9068b457e,"Barrel",BaseClasses.BARREL
5448eb774bdc2d0a728b4567,"Barter item",BaseClasses.BARTER_ITEM
57864ee62459775490116fc1,"Battery",BaseClasses.BATTERY
55818afb4bdc2dde698b456d,"Bipod",BaseClasses.BIPOD
57864ada245977548638de91,"Building material",BaseClasses.BUILDING_MATERIAL
65649eb40bf0ed77b8044453,"UNKNOWN",BaseClasses.BUILT_IN_INSERTS
55818a6f4bdc2db9688b456b,"Charging handle",BaseClasses.CHARGE
55818ad54bdc2ddc698b4569,"Reflex sight",BaseClasses.COLLIMATOR
55818acf4bdc2dde698b456b,"Compact reflex sight",BaseClasses.COMPACT_COLLIMATOR
5f4fbaaca5573a5ac31db429,"UNKNOWN",BaseClasses.COMPASS
566162e44bdc2d3f298b4573,"Compound item",BaseClasses.COMPOUND_ITEM
64b69b0c8f3be32ed22682f8,"UNKNOWN",BaseClasses.CULTIST_AMULET
610720f290b75a49ff2e5e25,"UNKNOWN",BaseClasses.CYLINDER_MAGAZINE
5448e8d64bdc2dce718b4568,"Drink",BaseClasses.DRINK
5448f3a14bdc2d27728b4569,"Drug",BaseClasses.DRUGS
57864a66245977548f04a81f,"Electronics",BaseClasses.ELECTRONICS
543be5f84bdc2dd4348b456a,"Equipment",BaseClasses.EQUIPMENT
5a341c4686f77469e155819e,"UNKNOWN",BaseClasses.FACE_COVER
550aa4bf4bdc2dd6348b456b,"Flashhider",BaseClasses.FLASH_HIDER
55818b084bdc2d5b648b4571,"Flashlight",BaseClasses.FLASHLIGHT
6759673c76e93d8eb20b2080,"UNKNOWN",BaseClasses.FLYER
5448e8d04bdc2ddf718b4569,"Food",BaseClasses.FOOD
543be6674bdc2df1348b4569,"Food and drink",BaseClasses.FOOD_DRINK
55818af64bdc2d5b648b4570,"Foregrip",BaseClasses.FOREGRIP
5d650c3e815116009f6201d2,"UNKNOWN",BaseClasses.FUEL
550aa4154bdc2dd8348b456b,"Functional mod",BaseClasses.FUNCTIONAL_MOD
56ea9461d2720b67698b456f,"Gas block",BaseClasses.GASBLOCK
55802f3e4bdc2de7118b4584,"Gear mod",BaseClasses.GEAR_MOD
5447bedf4bdc2d87278b4568,"Grenade launcher",BaseClasses.GRENADE_LAUNCHER
55818a104bdc2db9688b4569,"Handguard",BaseClasses.HANDGUARD
5645bcb74bdc2ded0b8b4578,"Headphones",BaseClasses.HEADPHONES
5a341c4086f77401f2541505,"UNKNOWN",BaseClasses.HEADWEAR
63da6da4784a55176c018dba,"UNKNOWN",BaseClasses.HIDEOUT_AREA_CONTAINER
57864c322459775490116fbf,"Household goods",BaseClasses.HOUSEHOLD_GOODS
5448ecbe4bdc2d60728b4568,"Info",BaseClasses.INFO
55d720f24bdc2d88028b456d,"Inventory",BaseClasses.INVENTORY
55818ac54bdc2d5b648b456e,"Ironsight",BaseClasses.IRON_SIGHT
54009119af1c881c07000029,"UNKNOWN",BaseClasses.ITEM
57864a3d24597754843f8721,"Jewelry",BaseClasses.JEWELRY
543be5e94bdc2df1348b4568,"Key",BaseClasses.KEY
5c99f98d86f7745c314214b3,"UNKNOWN",BaseClasses.KEY_MECHANICAL
5c164d2286f774194c5e69fa,"UNKNOWN",BaseClasses.KEYCARD
5447e1d04bdc2dff2f8b4567,"Knife",BaseClasses.KNIFE
55818b014bdc2ddc698b456b,"UBGL",BaseClasses.LAUNCHER
5671435f4bdc2d96058b4569,"Locking container",BaseClasses.LOCKABLE_CONTAINER
566965d44bdc2d814c8b4571,"Loot container",BaseClasses.LOOT_CONTAINER
57864e4c24597754843f8723,"Lubricant",BaseClasses.LUBRICANT
5447bed64bdc2d97278b4568,"Machinegun",BaseClasses.MACHINE_GUN
5448bc234bdc2d3c308b4569,"Magazine",BaseClasses.MAGAZINE
567849dd4bdc2d150f8b456e,"Map",BaseClasses.MAP
65ddcc7aef36f6413d0829b9,"UNKNOWN",BaseClasses.MARK_OF_UNKNOWN
5447b6194bdc2d67278b4567,"Marksman rifle",BaseClasses.MARKSMAN_RIFLE
55802f4a4bdc2ddb688b4569,"Essential mod",BaseClasses.MASTER_MOD
5448f39d4bdc2d0a728b4568,"Medikit",BaseClasses.MED_KIT
5448f3ac4bdc2dce718b4569,"Medical item",BaseClasses.MEDICAL
57864c8c245977548867e7f1,"Medical supplies",BaseClasses.MEDICAL_SUPPLIES
543be5664bdc2dd4348b4569,"Meds",BaseClasses.MEDS
5448bf274bdc2dfc2f8b456a,"Port. container",BaseClasses.MOB_CONTAINER
5448fe124bdc2da5018b4567,"Weapon mod",BaseClasses.MOD
543be5dd4bdc2deb348b4569,"Money",BaseClasses.MONEY
55818b224bdc2dde698b456f,"Mount",BaseClasses.MOUNT
66abb0743f4d8b145b1612c1,"UNKNOWN",BaseClasses.MULTITOOLS
5448fe394bdc2d0d028b456c,"Muzzle device",BaseClasses.MUZZLE
550aa4dd4bdc2dc9348b4569,"Comb. muzzle device",BaseClasses.MUZZLE_COMBO
5a2c3a9486f774688b05e574,"UNKNOWN",BaseClasses.NIGHT_VISION
55818ae44bdc2dde698b456c,"Scope",BaseClasses.OPTIC_SCOPE
590c745b86f7743cc433c5f2,"UNKNOWN",BaseClasses.OTHER
5447b5cf4bdc2d65278b4567,"Handgun",BaseClasses.PISTOL
55818a684bdc2ddd698b456d,"Pistol grip",BaseClasses.PISTOL_GRIP
6672e40ebb23210ae87d39eb,"UNKNOWN",BaseClasses.PLANTING_KITS
557596e64bdc2dc2118b4571,"Pockets",BaseClasses.POCKETS
61605ddea09d851a0a0c1bbc,"UNKNOWN",BaseClasses.PORTABLE_RANGE_FINDER
62e9103049c018f425059f38,"UNKNOWN",BaseClasses.RADIO_TRANSMITTER
62f109593b54472778797866,"UNKNOWN",BaseClasses.RANDOM_LOOT_CONTAINER
55818a304bdc2db5418b457d,"Receiver",BaseClasses.RECEIVER
616eb7aea207f41933308f46,"UNKNOWN",BaseClasses.REPAIR_KITS
617f1ef5e8b54b0998387733,"UNKNOWN",BaseClasses.REVOLVER
566168634bdc2d144c8b456c,"Searchable item",BaseClasses.SEARCHABLE_ITEM
5447b6094bdc2dc3278b4567,"Shotgun",BaseClasses.SHOTGUN
5448fe7a4bdc2d6f028b456b,"Sights",BaseClasses.SIGHTS
550aa4cd4bdc2dd8348b456c,"Silencer",BaseClasses.SILENCER
5795f317245977243854e041,"Common container",BaseClasses.SIMPLE_CONTAINER
5447b5e04bdc2d62278b4567,"SMG",BaseClasses.SMG
5447b6254bdc2dc3278b4568,"Sniper rifle",BaseClasses.SNIPER_RIFLE
6050cac987d3f925bf016837,"UNKNOWN",BaseClasses.SORTING_TABLE
5447e0e74bdc2d3c308b4567,"Special item",BaseClasses.SPEC_ITEM
55818aeb4bdc2ddc698b456a,"Special scope",BaseClasses.SPECIAL_SCOPE
627a137bf21bc425b06ab944,"UNKNOWN",BaseClasses.SPRING_DRIVEN_CYLINDER
5661632d4bdc2d903d8b456b,"Stackable item",BaseClasses.STACKABLE_ITEM
566abbb64bdc2d144c8b457d,"Stash",BaseClasses.STASH
567583764bdc2d98058b456e,"Stationary cont.",BaseClasses.STATIONARY_CONTAINER
5448f3a64bdc2d60728b456a,"Stimulant",BaseClasses.STIMULATOR
55818a594bdc2db9688b456a,"Stock",BaseClasses.STOCK
55818b164bdc2ddc698b456c,"Comb. tact. device",BaseClasses.TACTICAL_COMBO
5d21f59b6dbe99052b54ef83,"UNKNOWN",BaseClasses.THERMAL_VISION
543be6564bdc2df4348b4568,"Throwable weapon",BaseClasses.THROW_WEAP
57864bb7245977548b3b66c2,"Tool",BaseClasses.TOOL
5448e5284bdc2dcb718b4567,"Chest rig",BaseClasses.VEST
5448e5724bdc2ddf718b4568,"Vis. observ. device",BaseClasses.VISORS
5422acb9af1c889c16000029,"Weapon",BaseClasses.WEAPON
5cadf6eeae921500134b2799,"12.7x55mm PS12B",ItemTpl.AMMO_127X55_PS12B
5d6e68a8a4b9360b6c0d54e2,"12/70 AP-20 armor-piercing slug",ItemTpl.AMMO_12G_AP20
5d6e68b3a4b9361bca7e50b5,"12/70 Copper Sabot Premier HP slug",ItemTpl.AMMO_12G_CSP
5e85a9f4add9fe03027d9bf1,"23x75mm Zvezda flashbang round",ItemTpl.AMMO_23X75_ZVEZDA
635267f063651329f75a4ee8,"26x75mm flare cartridge (Acid Green)",ItemTpl.AMMO_26X75_AG
62389aaba63f32501b1b444f,"26x75mm flare cartridge (Green)",ItemTpl.AMMO_26X75_GREEN
62389ba9a63f32501b1b4451,"26x75mm flare cartridge (Red)",ItemTpl.AMMO_26X75_RED
5f0596629e22f464da6bbdd9,".366 TKM AP-M",ItemTpl.AMMO_366TKM_APM
5ede474b0c226a66f5402622,"40x46mm M381 (HE) grenade",ItemTpl.AMMO_40X46_M381
5f0c892565703e5c461894e9,"40x46mm M433 (HEDP) grenade",ItemTpl.AMMO_40X46_M433
5ede47405b097655935d7d16,"40x46mm M441 (HE) grenade",ItemTpl.AMMO_40X46_M441
5ba26835d4351e0035628ff5,"4.6x30mm AP SX",ItemTpl.AMMO_46X30_AP_SX
61962b617c6c7b169525f168,"5.45x39mm 7N40",ItemTpl.AMMO_545X39_7N40
56dfef82d2720bbd668b4567,"5.45x39mm BP gs",ItemTpl.AMMO_545X39_BP
56dff026d2720bb8668b4567,"5.45x39mm BS gs",ItemTpl.AMMO_545X39_BS
5c0d5e4486f77478390952fe,"5.45x39mm PPBS gs Igolnik",ItemTpl.AMMO_545X39_PPBS
54527ac44bdc2d36668b4567,"5.56x45mm M855A1",ItemTpl.AMMO_556X45_M855A1
59e690b686f7746c9f75e848,"5.56x45mm M995",ItemTpl.AMMO_556X45_M995
601949593ae8f707c4608daa,"5.56x45mm SSA AP",ItemTpl.AMMO_556X45_SSA_AP
5cc80f67e4a949035e43bbba,"5.7x28mm SB193",ItemTpl.AMMO_57X28_SB193
6529243824cbe3c74a05e5c1,"6.8x51mm SIG Hybrid",ItemTpl.AMMO_68X51_HYBRID
5fd20ff893a8961fc660a954,".300 Blackout AP",ItemTpl.AMMO_762X35_AP
64b8725c4b75259c590fa899,".300 Blackout CBJ",ItemTpl.AMMO_762X35_CBJ
59e0d99486f7744a32234762,"7.62x39mm BP gzh",ItemTpl.AMMO_762X39_BP
601aa3d2b2bcb34913271e6d,"7.62x39mm MAI AP",ItemTpl.AMMO_762X39_MAI_AP
5a6086ea4f39f99cd479502f,"7.62x51mm M61",ItemTpl.AMMO_762X51_M61
5a608bf24f39f98ffc77720e,"7.62x51mm M62 Tracer",ItemTpl.AMMO_762X51_M62
58dd3ad986f77403051cba8f,"7.62x51mm M80",ItemTpl.AMMO_762X51_M80
5efb0c1bd79ff02a1f5e68d9,"7.62x51mm M993",ItemTpl.AMMO_762X51_M993
5e023d48186a883be655e551,"7.62x54mm R BS gs",ItemTpl.AMMO_762X54R_BS
5e023d34e8a400319a28ed44,"7.62x54mm R BT gzh",ItemTpl.AMMO_762X54R_BT
59e77a2386f7742ee578960a,"7.62x54mm R PS gzh",ItemTpl.AMMO_762X54R_PS
560d61e84bdc2da74d8b4571,"7.62x54mm R SNB gzh",ItemTpl.AMMO_762X54R_SNB
5fc382a9d724d907e2077dab,".338 Lapua Magnum AP",ItemTpl.AMMO_86X70_AP
5fc275cf85fd526b824a571a,".338 Lapua Magnum FMJ",ItemTpl.AMMO_86X70_FMJ
5c0d688c86f77413ae3407b2,"9x39mm BP gs",ItemTpl.AMMO_9X39_BP
61962d879bb3d20b0946d385,"9x39mm PAB-9 gs",ItemTpl.AMMO_9X39_PAB9
57a0e5022459774d1673f889,"9x39mm SP-6 gs",ItemTpl.AMMO_9X39_SP6
6570241bcfc010a0f50069f5,"12.7x55mm PS12 ammo pack (10 pcs)",ItemTpl.AMMOBOX_127X55_PS12_10RND
65702420bfc87b3a34093219,"12.7x55mm PS12A ammo pack (10 pcs)",ItemTpl.AMMOBOX_127X55_PS12A_10RND
648983d6b5a2df1c815a04ec,"12.7x55mm PS12B (10 pcs)",ItemTpl.AMMOBOX_127X55_PS12B_10RND
65702469c5d7d4cb4d07855b,"12/70 makeshift .50 BMG slug ammo pack (25 pcs)",ItemTpl.AMMOBOX_12G_50_BMG_25RND
65702426cfc010a0f50069f8,"12/70 5.25mm buckshot ammo pack (25 pcs)",ItemTpl.AMMOBOX_12G_525MM_25RND
657024361419851aef03e6fa,"12/70 7mm buckshot ammo pack (25 pcs)",ItemTpl.AMMOBOX_12G_7MM_25RND
64898838d5b4df6140000a20,"12/70 AP-20 ammo pack (25 pcs)",ItemTpl.AMMOBOX_12G_AP20_25RND
65702479c5d7d4cb4d07855e,"12/70 Copper Sabot Premier HP slug ammo pack (25 pcs)",ItemTpl.AMMOBOX_12G_CSP_25RND
6570243fcfc010a0f50069fb,"12/70 Dual Sabot slug ammo pack (25 pcs)",ItemTpl.AMMOBOX_12G_DUALSABOT_25RND
65702432bfc87b3a3409321c,"12/70 6.5mm Express buckshot ammo pack (25 pcs)",ItemTpl.AMMOBOX_12G_EXPRESS_25RND
65702474bfc87b3a34093226,"12/70 flechette ammo pack (25 pcs)",ItemTpl.AMMOBOX_12G_FLECHETTE_25RND
65702449bfc87b3a34093223,"12/70 FTX Custom Lite slug ammo pack (25 pcs)",ItemTpl.AMMOBOX_12G_FTX_25RND
6570244ec5d7d4cb4d078558,"12/70 Grizzly 40 slug ammo pack (25 pcs)",ItemTpl.AMMOBOX_12G_GRIZZLY_40_25RND
6570243bbfc87b3a3409321f,"12/70 8.5mm Magnum buckshot ammo pack (25 pcs)",ItemTpl.AMMOBOX_12G_MAGNUM_25RND
657024431419851aef03e6fd,"12/70 Piranha ammo pack (25 pcs)",ItemTpl.AMMOBOX_12G_PIRANHA_25RND
65702452cfc010a0f50069fe,"12/70 Poleva-3 slug ammo pack (25 pcs)",ItemTpl.AMMOBOX_12G_POLEVA3_25RND
657024581419851aef03e700,"12/70 Poleva-6u slug ammo pack (25 pcs)",ItemTpl.AMMOBOX_12G_POLEVA6U_25RND
6570247ebfc87b3a34093229,"12/70 SuperFormance HP slug ammo pack (25 pcs)",ItemTpl.AMMOBOX_12G_SFORMANCE_25RND
6570246fcfc010a0f5006a01,"12/70 lead slug ammo pack (25 pcs)",ItemTpl.AMMOBOX_12G_SLUG_25RND
657024831419851aef03e703,"20/70 5.6mm buckshot ammo pack (25 pcs)",ItemTpl.AMMOBOX_20G_56MM_25RND
6570248dcfc010a0f5006a04,"20/70 6.2mm buckshot ammo pack (25 pcs)",ItemTpl.AMMOBOX_20G_62MM_25RND
657024921419851aef03e706,"20/70 7.3mm buckshot ammo pack (25 pcs)",ItemTpl.AMMOBOX_20G_73MM_25RND
65702495c5d7d4cb4d078561,"20/70 7.5mm buckshot ammo pack (25 pcs)",ItemTpl.AMMOBOX_20G_75MM_25RND
6570249bcfc010a0f5006a07,"20/70 Devastator slug ammo pack (25 pcs)",ItemTpl.AMMOBOX_20G_DEVASTATOR_25RND
657024a4bfc87b3a3409322c,"20/70 Poleva-3 slug ammo pack (25 pcs)",ItemTpl.AMMOBOX_20G_POLEVA3_25RND
657024a91419851aef03e70c,"20/70 Poleva-6u slug ammo pack (25 pcs)",ItemTpl.AMMOBOX_20G_POLEVA6U_25RND
6570249f1419851aef03e709,"20/70 Star slug ammo pack (25 pcs)",ItemTpl.AMMOBOX_20G_STAR_25RND
657024b8bfc87b3a34093232,"23x75mm Barrikada slug ammo pack (5 pcs)",ItemTpl.AMMOBOX_23X75_BARRIKADA_5RND
657024aebfc87b3a3409322f,"23x75mm Shrapnel-10 buckshot ammo pack (5 pcs)",ItemTpl.AMMOBOX_23X75_SHRAP10_5RND
657024b31419851aef03e70f,"23x75mm Shrapnel-25 buckshot ammo pack (5 pcs)",ItemTpl.AMMOBOX_23X75_SHRAP25_5RND
657024bdc5d7d4cb4d078564,"23x75mm Zvezda flashbang round ammo pack (5 pcs)",ItemTpl.AMMOBOX_23X75_ZVEZDA_5RND
657023f81419851aef03e6f1,".366 TKM AP-M ammo pack (20 pcs)",ItemTpl.AMMOBOX_366TKM_APM_20RND
657024011419851aef03e6f4,".366 TKM EKO ammo pack (20 pcs)",ItemTpl.AMMOBOX_366TKM_EKO_20RND
657023f1bfc87b3a34093210,".366 TKM FMJ ammo pack (20 pcs)",ItemTpl.AMMOBOX_366TKM_FMJ_20RND
657023fcbfc87b3a34093213,".366 TKM Geksa ammo pack (20 pcs)",ItemTpl.AMMOBOX_366TKM_GEKSA_20RND
6489879db5a2df1c815a04ef,".45 ACP AP ammo pack (50 pcs)",ItemTpl.AMMOBOX_45ACP_AP_50RND
6570240ecfc010a0f50069f2,".45 ACP Match FMJ ammo pack (50 pcs)",ItemTpl.AMMOBOX_45ACP_FMJ_50RND
65702406bfc87b3a34093216,".45 ACP Hydra-Shok ammo pack (50 pcs)",ItemTpl.AMMOBOX_45ACP_HYDRASHOK_50RND
6570240a1419851aef03e6f7,".45 ACP Lasermatch FMJ ammo pack (50 pcs)",ItemTpl.AMMOBOX_45ACP_LASERMATCH_50RND
65702414c5d7d4cb4d078555,".45 ACP RIP ammo pack (50 pcs)",ItemTpl.AMMOBOX_45ACP_RIP_50RND
657024c81419851aef03e712,"4.6x30mm Action SX ammo pack (40 pcs)",ItemTpl.AMMOBOX_46X30_ACTION_SX_40RND
6489870774a806211e4fb685,"4.6x30mm AP SX ammo pack (40 pcs)",ItemTpl.AMMOBOX_46X30_AP_SX_40RND
657024cecfc010a0f5006a0a,"4.6x30mm FMJ SX ammo pack (40 pcs)",ItemTpl.AMMOBOX_46X30_FMJ_SX_40RND
657024d2bfc87b3a34093235,"4.6x30mm Subsonic SX ammo pack (40 pcs)",ItemTpl.AMMOBOX_46X30_SUBSONIC_SX_40RND
6570900858b315e8b70a8a98,"5.45x39mm 7N40 ammo pack (120 pcs)",ItemTpl.AMMOBOX_545X39_7N40_120RND
64898602f09d032aa9399d56,"5.45x39mm 7N40 ammo pack (30 pcs)",ItemTpl.AMMOBOX_545X39_7N40_30RND
57372b832459776701014e41,"5.45x39mm BS gs ammo pack (120 pcs)",ItemTpl.AMMOBOX_545X39_BS_120RND
57372bad245977670b7cd242,"5.45x39mm BS gs ammo pack (120 pcs)",ItemTpl.AMMOBOX_545X39_BS_120RND_DAMAGED
57372bd3245977670b7cd243,"5.45x39mm BS gs ammo pack (30 pcs)",ItemTpl.AMMOBOX_545X39_BS_30RND
57372c21245977670937c6c2,"5.45x39mm BT gs ammo pack (120 pcs)",ItemTpl.AMMOBOX_545X39_BT_120RND
57372c56245977685e584582,"5.45x39mm BT gs ammo pack (120 pcs)",ItemTpl.AMMOBOX_545X39_BT_120RND_DAMAGED
57372c89245977685d4159b1,"5.45x39mm BT gs ammo pack (30 pcs)",ItemTpl.AMMOBOX_545X39_BT_30RND
657025ebc5d7d4cb4d078588,"5.45x39mm PPBS gs Igolnik ammo pack (120 pcs)",ItemTpl.AMMOBOX_545X39_PPBS_120RND
5c1262a286f7743f8a69aab2,"5.45x39mm PPBS gs Igolnik ammo pack (30 pcs)",ItemTpl.AMMOBOX_545X39_PPBS_30RND
657026451419851aef03e733,"5.56x45mm FMJ ammo pack (100 pcs)",ItemTpl.AMMOBOX_556X45_FMJ_100RND
657024d8c5d7d4cb4d078567,"5.56x45mm FMJ ammo pack (50 pcs)",ItemTpl.AMMOBOX_556X45_FMJ_50RND
6570264acfc010a0f5006a50,"5.56x45mm HP ammo pack (100 pcs)",ItemTpl.AMMOBOX_556X45_HP_100RND
657024debfc87b3a34093238,"5.56x45mm HP ammo pack (50 pcs)",ItemTpl.AMMOBOX_556X45_HP_50RND
6570264d1419851aef03e736,"5.56x45mm M855 ammo pack (100 pcs)",ItemTpl.AMMOBOX_556X45_M855_100RND
65702652cfc010a0f5006a53,"5.56x45mm M855A1 ammo pack (100 pcs)",ItemTpl.AMMOBOX_556X45_M855A1_100RND
657024e3c5d7d4cb4d07856a,"5.56x45mm M855A1 ammo pack (50 pcs)",ItemTpl.AMMOBOX_556X45_M855A1_50RND
65702656c5d7d4cb4d078591,"5.56x45mm M856 ammo pack (100 pcs)",ItemTpl.AMMOBOX_556X45_M856_100RND
657024e8cfc010a0f5006a0d,"5.56x45mm M856 ammo pack (50 pcs)",ItemTpl.AMMOBOX_556X45_M856_50RND
6570265bcfc010a0f5006a56,"5.56x45mm M856A1 ammo pack (100 pcs)",ItemTpl.AMMOBOX_556X45_M856A1_100RND
657024ecc5d7d4cb4d07856d,"5.56x45mm M856A1 ammo pack (50 pcs)",ItemTpl.AMMOBOX_556X45_M856A1_50RND
6570265f1419851aef03e739,"5.56x45mm M995 ammo pack (100 pcs)",ItemTpl.AMMOBOX_556X45_M995_100RND
657024f01419851aef03e715,"5.56x45mm M995 ammo pack (50 pcs)",ItemTpl.AMMOBOX_556X45_M995_50RND
65702664cfc010a0f5006a59,"5.56x45mm MK 255 Mod 0 (RRLP) ammo pack (100 pcs)",ItemTpl.AMMOBOX_556X45_RRLP_100RND
657024f5cfc010a0f5006a10,"5.56x45mm MK 255 Mod 0 (RRLP) ammo pack (50 pcs)",ItemTpl.AMMOBOX_556X45_RRLP_50RND
6570266bc5d7d4cb4d078594,"5.56x45mm MK 318 Mod 0 (SOST) ammo pack (100 pcs)",ItemTpl.AMMOBOX_556X45_SOST_100RND
657024f9bfc87b3a3409323b,"5.56x45mm MK 318 Mod 0 (SOST) ammo pack (50 pcs)",ItemTpl.AMMOBOX_556X45_SOST_50RND
65702681bfc87b3a3409325f,"5.56x45mm SSA AP ammo pack (100 pcs)",ItemTpl.AMMOBOX_556X45_SSA_AP_100RND
64898583d5b4df6140000a1d,"5.56x45mm SSA AP ammo pack (50 pcs)",ItemTpl.AMMOBOX_556X45_SSA_AP_50RND
657025161419851aef03e718,"5.7x28mm L191 ammo pack (50 pcs)",ItemTpl.AMMOBOX_57X28_L191_50RND
6570251ccfc010a0f5006a13,"5.7x28mm R37.F ammo pack (50 pcs)",ItemTpl.AMMOBOX_57X28_R37F_50RND
65702520bfc87b3a3409323e,"5.7x28mm R37.X ammo pack (50 pcs)",ItemTpl.AMMOBOX_57X28_R37X_50RND
65702524cfc010a0f5006a16,"5.7x28mm SB193 ammo pack (50 pcs)",ItemTpl.AMMOBOX_57X28_SB193_50RND
648986bbc827d4637f01791e,"5.7x28mm SS190 ammo pack (50 pcs)",ItemTpl.AMMOBOX_57X28_SS190_50RND
657025281419851aef03e71b,"5.7x28mm SS197SR ammo pack (50 pcs)",ItemTpl.AMMOBOX_57X28_SS197SR_50RND
6570252dbfc87b3a34093241,"5.7x28mm SS198LF ammo pack (50 pcs)",ItemTpl.AMMOBOX_57X28_SS198LF_50RND
6570253ec5d7d4cb4d078573,"7.62x25mm TT AKBS ammo pack (25 pcs)",ItemTpl.AMMOBOX_762X25TT_AKBS_25RND
65702532cfc010a0f5006a19,"7.62x25mm ТТ FMJ43 ammo pack (25 pcs)",ItemTpl.AMMOBOX_762X25TT_FMJ43_25RND
65702536c5d7d4cb4d078570,"7.62x25mm ТТ LRN ammo pack (25 pcs)",ItemTpl.AMMOBOX_762X25TT_LRN_25RND
6570253acfc010a0f5006a1c,"7.62x25mm ТТ LRNPC ammo pack (25 pcs)",ItemTpl.AMMOBOX_762X25TT_LRNPC_25RND
657025421419851aef03e71e,"7.62x25mm TT P gl ammo pack (25 pcs)",ItemTpl.AMMOBOX_762X25TT_P_25RND
65702546cfc010a0f5006a1f,"7.62x25mm TT Pst gzh ammo pack (25 pcs)",ItemTpl.AMMOBOX_762X25TT_PST_25RND
6570254abfc87b3a34093244,"7.62x25mm TT PT gzh ammo pack (25 pcs)",ItemTpl.AMMOBOX_762X25TT_PT_25RND
648985c074a806211e4fb682,".300 Blackout AP ammo pack (50 pcs)",ItemTpl.AMMOBOX_762X35_AP_50RND
657023a9126cc4a57d0e17a6,".300 Blackout CBJ ammo pack (50 pcs)",ItemTpl.AMMOBOX_762X35_CBJ_50RND
657023bebfc87b3a34093207,".300 Blackout BCP FMJ ammo pack (50 pcs)",ItemTpl.AMMOBOX_762X35_FMJ_50RND
657023b1cfc010a0f50069e5,".300 Blackout M62 Tracer ammo pack (50 pcs)",ItemTpl.AMMOBOX_762X35_M62_50RND
657023b71419851aef03e6e8,".300 Blackout V-Max ammo pack (50 pcs)",ItemTpl.AMMOBOX_762X35_VMAX_50RND
657023c61419851aef03e6eb,".300 Whisper ammo pack (50 pcs)",ItemTpl.AMMOBOX_762X35_WHISPER_50RND
64acea16c4eda9354b0226b0,"7.62x39mm BP gzh ammo pack (20 pcs)",ItemTpl.AMMOBOX_762X39_BP_20RND
6489851fc827d4637f01791b,"7.62x39mm MAI AP ammo pack (20 pcs)",ItemTpl.AMMOBOX_762X39_MAI_AP_20RND
65702561cfc010a0f5006a28,"7.62x51mm BCP FMJ ammo pack (20 pcs)",ItemTpl.AMMOBOX_762X51_BCP_FMJ_20RND
6570254fcfc010a0f5006a22,"7.62x51mm M61 ammo pack (20 pcs)",ItemTpl.AMMOBOX_762X51_M61_20RND
65702554bfc87b3a34093247,"7.62x51mm M62 Tracer ammo pack (20 pcs)",ItemTpl.AMMOBOX_762X51_M62_20RND
65702558cfc010a0f5006a25,"7.62x51mm M80 ammo pack (20 pcs)",ItemTpl.AMMOBOX_762X51_M80_20RND
648984e3f09d032aa9399d53,"7.62x51mm M993 ammo pack (20 pcs)",ItemTpl.AMMOBOX_762X51_M993_20RND
65702566bfc87b3a3409324d,"7.62x51mm TCW SP ammo pack (20 pcs)",ItemTpl.AMMOBOX_762X51_TCW_SP_20RND
6570255dbfc87b3a3409324a,"7.62x51mm Ultra Nosler ammo pack (20 pcs)",ItemTpl.AMMOBOX_762X51_ULTRA_NOSLER_20RND
648984b8d5b4df6140000a1a,"7.62x54mm R BS ammo pack (20 pcs)",ItemTpl.AMMOBOX_762X54R_BS_20RND
65702572c5d7d4cb4d078576,"7.62x54mm R BT gzh ammo pack (20 pcs)",ItemTpl.AMMOBOX_762X54R_BT_20RND
65702577cfc010a0f5006a2c,"7.62x54mm R LPS gzh ammo pack (20 pcs)",ItemTpl.AMMOBOX_762X54R_LPS_20RND
6570257cc5d7d4cb4d078579,"7.62x54mm R PS gzh ammo pack (20 pcs)",ItemTpl.AMMOBOX_762X54R_PS_20RND
65702584cfc010a0f5006a2f,"7.62x54mm R T-46M gzh ammo pack (20 pcs)",ItemTpl.AMMOBOX_762X54R_T46M_20RND
6489848173c462723909a14b,".338 Lapua Magnum AP ammo pack (20 pcs)",ItemTpl.AMMOBOX_86X70_AP_20RND
657023ccbfc87b3a3409320a,".338 Lapua Magnum FMJ ammo pack (20 pcs)",ItemTpl.AMMOBOX_86X70_FMJ_20RND
657023d6cfc010a0f50069e9,".338 Lapua Magnum TAC-X ammo pack (20 pcs)",ItemTpl.AMMOBOX_86X70_TACX_20RND
657023dabfc87b3a3409320d,".338 Lapua Magnum UCW ammo pack (20 pcs)",ItemTpl.AMMOBOX_86X70_UCW_20RND
65702606cfc010a0f5006a3e,"9x18mm PM BZhT gzh ammo pack (50 pcs)",ItemTpl.AMMOBOX_9X18PM_BZHT_50RND
6570260c1419851aef03e727,"9x18mm PM P gzh ammo pack (50 pcs)",ItemTpl.AMMOBOX_9X18PM_P_50RND
65702610cfc010a0f5006a41,"9x18mm PM PBM gzh ammo pack (50 pcs)",ItemTpl.AMMOBOX_9X18PM_PBM_50RND
65702619bfc87b3a34093259,"9x18mm PM PPe gzh ammo pack (50 pcs)",ItemTpl.AMMOBOX_9X18PM_PPE_50RND
65702614c5d7d4cb4d07858b,"9x18mm PM PPT gzh ammo pack (50 pcs)",ItemTpl.AMMOBOX_9X18PM_PPT_50RND
6570261dc5d7d4cb4d07858e,"9x18mm PM PRS gs ammo pack (50 pcs)",ItemTpl.AMMOBOX_9X18PM_PRS_50RND
65702621cfc010a0f5006a44,"9x18mm PM PS gs PPO ammo pack (50 pcs)",ItemTpl.AMMOBOX_9X18PM_PS_PPO_50RND
65702629cfc010a0f5006a47,"9x18mm PM PSO gzh ammo pack (50 pcs)",ItemTpl.AMMOBOX_9X18PM_PSO_50RND
6570262d1419851aef03e72d,"9x18mm PM Pst gzh ammo pack (50 pcs)",ItemTpl.AMMOBOX_9X18PM_PST_50RND
65702640cfc010a0f5006a4d,"9x18mm PMM PstM gzh ammo pack (50 pcs)",ItemTpl.AMMOBOX_9X18PM_PSTM_50RND
657026251419851aef03e72a,"9x18mm PM PSV ammo pack (50 pcs)",ItemTpl.AMMOBOX_9X18PM_PSV_50RND
65702630cfc010a0f5006a4a,"9x18mm PM RG028 gzh ammo pack (50 pcs)",ItemTpl.AMMOBOX_9X18PM_RG028_50RND
657026341419851aef03e730,"9x18mm PM SP7 gzh ammo pack (50 pcs)",ItemTpl.AMMOBOX_9X18PM_SP7_50RND
65702639bfc87b3a3409325c,"9x18mm PM SP8 gzh ammo pack (50 pcs)",ItemTpl.AMMOBOX_9X18PM_SP8_50RND
65702591c5d7d4cb4d07857c,"9x19mm AP 6.3 ammo pack (50 pcs)",ItemTpl.AMMOBOX_9X19_AP_63_50RND
657025961419851aef03e721,"9x19mm Green Tracer ammo pack (50 pcs)",ItemTpl.AMMOBOX_9X19_GT_50RND
6570259bc5d7d4cb4d07857f,"9x19mm Luger CCI ammo pack (50 pcs)",ItemTpl.AMMOBOX_9X19_LUGER_CCI_50RND
648987d673c462723909a151,"9x19mm PBP ammo pack (50 pcs)",ItemTpl.AMMOBOX_9X19_PBP_50RND
657025a4bfc87b3a34093250,"9x19mm PSO gzh ammo pack (50 pcs)",ItemTpl.AMMOBOX_9X19_PSO_50RND
657025a81419851aef03e724,"9x19mm Pst gzh ammo pack (50 pcs)",ItemTpl.AMMOBOX_9X19_PST_50RND
6570259fcfc010a0f5006a32,"9x19mm QuakeMaker ammo pack (50 pcs)",ItemTpl.AMMOBOX_9X19_QUAKEMAKER_50RND
6579847c5a0e5879d12f2873,"9x21mm 7N42 ammo pack (30 pcs)",ItemTpl.AMMOBOX_9X21_7N42_30RND
6579846c1ec1943afb14c15a,"9x21mm 7U4 ammo pack (30 pcs)",ItemTpl.AMMOBOX_9X21_7U4_30RND
6489875745f9ca4ba51c4808,"9x21mm BT ammo pack (30 pcs)",ItemTpl.AMMOBOX_9X21_BT_30RND
657025bbcfc010a0f5006a35,"9x21mm P gzh ammo pack (30 pcs)",ItemTpl.AMMOBOX_9X21_P_30RND
657025c9cfc010a0f5006a38,"9x21mm PE gzh ammo pack (30 pcs)",ItemTpl.AMMOBOX_9X21_PE_30RND
657025c4c5d7d4cb4d078582,"9x21mm PS gzh ammo pack (30 pcs)",ItemTpl.AMMOBOX_9X21_PS_30RND
657023decfc010a0f50069ec,".357 Magnum FMJ ammo pack (25 pcs)",ItemTpl.AMMOBOX_9X33R_FMJ_25RND
657023e31419851aef03e6ee,".357 Magnum HP ammo pack (25 pcs)",ItemTpl.AMMOBOX_9X33R_HP_25RND
657023e7c5d7d4cb4d078552,".357 Magnum JHP ammo pack (25 pcs)",ItemTpl.AMMOBOX_9X33R_JHP_25RND
657023eccfc010a0f50069ef,".357 Magnum SP ammo pack (25 pcs)",ItemTpl.AMMOBOX_9X33R_SP_25RND
6489854673c462723909a14e,"9x39mm BP ammo pack (20 pcs)",ItemTpl.AMMOBOX_9X39_BP_20RND
5c1260dc86f7746b106e8748,"9x39mm BP gs ammo pack (8 pcs)",ItemTpl.AMMOBOX_9X39_BP_8RND
657984a50fbff513dd435765,"9x39mm FMJ ammo pack (20 pcs)",ItemTpl.AMMOBOX_9X39_FMJ_20RND
657025cfbfc87b3a34093253,"9x39mm PAB-9 gs ammo pack (20 pcs)",ItemTpl.AMMOBOX_9X39_PAB9_20RND
657025d4c5d7d4cb4d078585,"9x39mm SP-5 gs ammo pack (20 pcs)",ItemTpl.AMMOBOX_9X39_SP5_20RND
657025dabfc87b3a34093256,"9x39mm SP-6 gs ammo pack (20 pcs)",ItemTpl.AMMOBOX_9X39_SP6_20RND
657025dfcfc010a0f5006a3b,"9x39mm SPP gs ammo pack (20 pcs)",ItemTpl.AMMOBOX_9X39_SPP_20RND
619bc61e86e01e16f839a999,"Armband (Alpha)",ItemTpl.ARMBAND_ALPHA
664a5480bfcc521bad3192ca,"Armband (ARENA)",ItemTpl.ARMBAND_ARENA
619bddc6c9546643a67df6ee,"Armband (DEADSKUL)",ItemTpl.ARMBAND_DEADSKUL
619bde3dc9546643a67df6f2,"Armband (Kiba Arms)",ItemTpl.ARMBAND_KIBA_ARMS
660312cc4d6cdfa6f500c703,"Armband of The Unheard",ItemTpl.ARMBAND_OF_THE_UNHEARD
619bdeb986e01e16f839a99e,"Armband (RFARMY)",ItemTpl.ARMBAND_RFARMY
619bddffc9546643a67df6f0,"Armband (Train Hard)",ItemTpl.ARMBAND_TRAIN_HARD
619bdf9cc9546643a67df6f8,"Armband (UNTAR)",ItemTpl.ARMBAND_UNTAR
545cdb794bdc2d3a198b456a,"6B43 Zabralo-Sh body armor (EMR)",ItemTpl.ARMOR_6B43_ZABRALOSH_BODY_ARMOR_EMR
5ca21c6986f77479963115a7,"FORT Redut-T5 body armor (Smog)",ItemTpl.ARMOR_FORT_REDUTT5_BODY_ARMOR_SMOG
60a283193cb70855c43a381d,"NFM THOR Integrated Carrier body armor",ItemTpl.ARMOR_NFM_THOR_INTEGRATED_CARRIER_BODY
5ea18c84ecf1982c7712d9a2,"Diamond Age Bastion helmet armor plate",ItemTpl.ARMOREDEQUIPMENT_DIAMOND_AGE_BASTION_HELMET_ARMOR_PLATE
5c0919b50db834001b7ce3b9,"Maska-1SCh face shield (Olive Drab)",ItemTpl.ARMOREDEQUIPMENT_MASKA1SCH_FACE_SHIELD_OLIVE_DRAB
65719f9ef392ad76c50a2ec8,"NPP KlASS Tor-2 helmet face shield",ItemTpl.ARMOREDEQUIPMENT_NPP_KLASS_TOR2_HELMET_FACE_SHIELD
5a16b7e1fcdbcb00165aa6c9,"Ops-Core FAST multi-hit ballistic face shield",ItemTpl.ARMOREDEQUIPMENT_OPSCORE_FAST_MULTIHIT_BALLISTIC_FACE_SHIELD
5c0e66e2d174af02a96252f4,"Ops-Core SLAAP armor helmet plate (Tan)",ItemTpl.ARMOREDEQUIPMENT_OPSCORE_SLAAP_ARMOR_HELMET_PLATE_TAN
5f60c85b58eff926626a60f7,"Rys-T face shield",ItemTpl.ARMOREDEQUIPMENT_RYST_FACE_SHIELD
5e00cdd986f7747473332240,"Team Wendy EXFIL Ballistic face shield (Black)",ItemTpl.ARMOREDEQUIPMENT_TEAM_WENDY_EXFIL_BALLISTIC_FACE_SHIELD_BLACK
5e01f37686f774773c6f6c15,"Team Wendy EXFIL Ballistic face shield (Coyote Brown)",ItemTpl.ARMOREDEQUIPMENT_TEAM_WENDY_EXFIL_BALLISTIC_FACE_SHIELD_COYOTE_BROWN
5ca2113f86f7740b2547e1d2,"Vulkan-5 helmet face shield",ItemTpl.ARMOREDEQUIPMENT_VULKAN5_HELMET_FACE_SHIELD
656fa8d700d62bcd2e024084,"Cult Locust ballistic plate",ItemTpl.ARMORPLATE_CULT_LOCUST_BALLISTIC_PLATE
656fa99800d62bcd2e024088,"Cult Termite ballistic plate",ItemTpl.ARMORPLATE_CULT_TERMITE_BALLISTIC_PLATE
64afdcb83efdfea28601d041,"ESAPI level IV ballistic plate",ItemTpl.ARMORPLATE_ESAPI_LEVEL_IV_BALLISTIC_PLATE
656fae5f7c2d57afe200c0d7,"GAC 3s15m ballistic plate",ItemTpl.ARMORPLATE_GAC_3S15M_BALLISTIC_PLATE
656faf0ca0dce000a2020f77,"GAC 4sss2 ballistic plate",ItemTpl.ARMORPLATE_GAC_4SSS2_BALLISTIC_PLATE
656f611f94b480b8a500c0db,"Granit 4 ballistic plate (Front)",ItemTpl.ARMORPLATE_GRANIT_4_BALLISTIC_PLATE_FRONT
656efaf54772930db4031ff5,"Granit 4 ballistic plates (Back)",ItemTpl.ARMORPLATE_GRANIT_4_BALLISTIC_PLATES_BACK
656f63c027aed95beb08f62c,"Granit 4RS ballistic plate (Front)",ItemTpl.ARMORPLATE_GRANIT_4RS_BALLISTIC_PLATE_FRONT
654a4a964b446df1ad03f192,"Granit 4RS ballistic plates (Back)",ItemTpl.ARMORPLATE_GRANIT_4RS_BALLISTIC_PLATES_BACK
65573fa5655447403702a816,"Granit Br4 ballistic plate",ItemTpl.ARMORPLATE_GRANIT_BR4_BALLISTIC_PLATE
64afc71497cf3a403c01ff38,"Granit Br5 ballistic plate",ItemTpl.ARMORPLATE_GRANIT_BR5_BALLISTIC_PLATE
656fa76500d62bcd2e024080,"Kiba Arms Steel ballistic plate",ItemTpl.ARMORPLATE_KIBA_ARMS_STEEL_BALLISTIC_PLATE
656fafe3498d1b7e3e071da4,"KITECO SC-IV SA ballistic plate",ItemTpl.ARMORPLATE_KITECO_SCIV_SA_BALLISTIC_PLATE
657b2797c3dbcb01d60c35ea,"Korund-VM ballistic plate (Back)",ItemTpl.ARMORPLATE_KORUNDVM_BALLISTIC_PLATE_BACK
656f664200d62bcd2e024077,"Korund-VM ballistic plates (Front)",ItemTpl.ARMORPLATE_KORUNDVM_BALLISTIC_PLATES_FRONT
657b28d25f444d6dff0c6c77,"Korund-VM-K ballistic plate (Back)",ItemTpl.ARMORPLATE_KORUNDVMK_BALLISTIC_PLATE_BACK
656f66b5c6baea13cd07e108,"Korund-VM-K ballistic plates (Front)",ItemTpl.ARMORPLATE_KORUNDVMK_BALLISTIC_PLATES_FRONT
656fa61e94b480b8a500c0e8,"NESCO 4400-SA-MC ballistic plate",ItemTpl.ARMORPLATE_NESCO_4400SAMC_BALLISTIC_PLATE
655746010177119f4a097ff7,"SAPI level III+ ballistic plate",ItemTpl.ARMORPLATE_SAPI_LEVEL_III_BALLISTIC_PLATE
656fa53d94b480b8a500c0e4,"TallCom Guardian ballistic plate",ItemTpl.ARMORPLATE_TALLCOM_GUARDIAN_BALLISTIC_PLATE
651450ce0e00edc794068371,"SR-3M 9x39 compact assault rifle",ItemTpl.ASSAULTCARBINE_SR3M_9X39_COMPACT_ASSAULT_RIFLE
6410733d5dd49d77bd07847e,"Tokarev AVT-40 7.62x54R automatic rifle",ItemTpl.ASSAULTCARBINE_TOKAREV_AVT40_762X54R_AUTOMATIC_RIFLE
5dcbd56fdbd3d91b3e5468d5,"Desert Tech MDR 7.62x51 assault rifle",ItemTpl.ASSAULTRIFLE_DESERT_TECH_MDR_762X51_ASSAULT_RIFLE
6183afd850224f204c1da514,"FN SCAR-H 7.62x51 assault rifle",ItemTpl.ASSAULTRIFLE_FN_SCARH_762X51_ASSAULT_RIFLE
6165ac306ef05c2ce828ef74,"FN SCAR-H 7.62x51 assault rifle (FDE)",ItemTpl.ASSAULTRIFLE_FN_SCARH_762X51_ASSAULT_RIFLE_FDE
65290f395ae2ae97b80fdf2d,"SIG MCX-SPEAR 6.8x51 assault rifle",ItemTpl.ASSAULTRIFLE_SIG_MCXSPEAR_68X51_ASSAULT_RIFLE
5c0e805e86f774683f3dd637,"3V Gear Paratus 3-Day Operator's Tactical backpack (Foliage Grey)",ItemTpl.BACKPACK_3V_GEAR_PARATUS_3DAY_OPERATORS_TACTICAL_BACKPACK_FOLIAGE_GREY
5df8a4d786f77412672a1e3b,"6Sh118 raid backpack (EMR)",ItemTpl.BACKPACK_6SH118_RAID_BACKPACK_EMR
5f5e46b96bdad616ad46d613,"Eberlestock F4 Terminator load bearing backpack (Tiger Stripe)",ItemTpl.BACKPACK_EBERLESTOCK_F4_TERMINATOR_LOAD_BEARING_BACKPACK_TIGER_STRIPE
6034d2d697633951dc245ea6,"Eberlestock G2 Gunslinger II backpack (Dry Earth)",ItemTpl.BACKPACK_EBERLESTOCK_G2_GUNSLINGER_II_BACKPACK_DRY_EARTH
5c0e774286f77468413cc5b2,"Mystery Ranch Blackjack 50 backpack (MultiCam)",ItemTpl.BACKPACK_MYSTERY_RANCH_BLACKJACK_50_BACKPACK_MULTICAM
59e763f286f7742ee57895da,"Pilgrim tourist backpack",ItemTpl.BACKPACK_PILGRIM_TOURIST
61b9e1aaef9a1b5d6a79899a,"Santa's bag",ItemTpl.BACKPACK_SANTAS_BAG
5ab8ebf186f7742d8b372e80,"SSO Attack 2 raid backpack (Khaki)",ItemTpl.BACKPACK_SSO_ATTACK_2_RAID_BACKPACK_KHAKI
639346cc1c8f182ad90c8972,"Tasmanian Tiger Trooper 35 backpack (Khaki)",ItemTpl.BACKPACK_TASMANIAN_TIGER_TROOPER_35_BACKPACK_KHAKI
6389c85357baa773a825b356,"Advanced current converter",ItemTpl.BARTER_ADVANCED_CURRENT_CONVERTER
590de71386f774347051a052,"Antique teapot",ItemTpl.BARTER_ANTIQUE_TEAPOT
59e361e886f774176c10a2a5,"Bottle of hydrogen peroxide",ItemTpl.BARTER_BOTTLE_OF_HYDROGEN_PEROXIDE
62a0a043cf4a99369e2624a5,"Bottle of OLOLO Multivitamins",ItemTpl.BARTER_BOTTLE_OF_OLOLO_MULTIVITAMINS
67449b6c89d5e1ddc603f504,"Case key",ItemTpl.BARTER_CASE_KEY
5df8a6a186f77412640e2e80,"Christmas tree ornament (Red)",ItemTpl.BARTER_CHRISTMAS_TREE_ORNAMENT_RED
5df8a72c86f77412640e2e83,"Christmas tree ornament (Silver)",ItemTpl.BARTER_CHRISTMAS_TREE_ORNAMENT_SILVER
5df8a77486f77412672a1e3f,"Christmas tree ornament (Violet)",ItemTpl.BARTER_CHRISTMAS_TREE_ORNAMENT_VIOLET
67408903268737ef6908d432,"Contraband box",ItemTpl.BARTER_CONTRABAND_BOX
59f32bb586f774757e1e8442,"Dogtag BEAR",ItemTpl.BARTER_DOGTAG_BEAR
6662e9aca7e0b43baa3d5f74,"Dogtag BEAR",ItemTpl.BARTER_DOGTAG_BEAR_EOD
6662e9cda7e0b43baa3d5f76,"Dogtag BEAR",ItemTpl.BARTER_DOGTAG_BEAR_TUE
59f32c3b86f77472a31742f0,"Dogtag USEC",ItemTpl.BARTER_DOGTAG_USEC
6662e9f37fa79a6d83730fa0,"Dogtag USEC",ItemTpl.BARTER_DOGTAG_USEC_EOD
6662ea05f6259762c56f3189,"Dogtag USEC",ItemTpl.BARTER_DOGTAG_USEC_TUE
5b9b9020e7ef6f5716480215,"dogtagt",ItemTpl.BARTER_DOGTAGT
57347c1124597737fb1379e3,"Duct tape",ItemTpl.BARTER_DUCT_TAPE
6389c7f115805221fb410466,"Far-forward GPS Signal Amplifier Unit",ItemTpl.BARTER_FARFORWARD_GPS_SIGNAL_AMPLIFIER_UNIT
5d1b2f3f86f774252167a52c,"FP-100 filter absorber",ItemTpl.BARTER_FP100_FILTER_ABSORBER
5b43575a86f77424f443fe62,"Fuel conditioner",ItemTpl.BARTER_FUEL_CONDITIONER
66d9f8744827a77e870ecaf1,"GARY ZONT portable electronic warfare device",ItemTpl.BARTER_GARY_ZONT_PORTABLE_ELECTRONIC_WARFARE_DEVICE
5e2aedd986f7746d404f3aa4,"GreenBat lithium battery",ItemTpl.BARTER_GREENBAT_LITHIUM_BATTERY
67586af7036d7f3da60c3612,"Jar of pickles",ItemTpl.BARTER_JAR_OF_PICKLES
66d9f7e7099cf6adcc07a369,"KOSA UAV electronic jamming device",ItemTpl.BARTER_KOSA_UAV_ELECTRONIC_JAMMING_DEVICE
6656560053eaaa7a23349c86,"Lega Medal",ItemTpl.BARTER_LEGA_MEDAL
6740987b89d5e1ddc603f4f0,"Locked case",ItemTpl.BARTER_LOCKED_CASE
66571bf06a723f7f005a0619,"Locked equipment crate (Rare)",ItemTpl.BARTER_LOCKED_EQUIPMENT_CRATE_RARE
66572b88ac60f009f270d1dc,"Locked supply crate (Rare)",ItemTpl.BARTER_LOCKED_SUPPLY_CRATE_RARE
66572bb3ac60f009f270d1df,"Locked valuables crate (Rare)",ItemTpl.BARTER_LOCKED_VALUABLES_CRATE_RARE
66572b3f6a723f7f005a066c,"Locked weapon crate (Rare)",ItemTpl.BARTER_LOCKED_WEAPON_CRATE_RARE
619cc01e0a7c3a1a2731940c,"Medical tools",ItemTpl.BARTER_MEDICAL_TOOLS
6389c7750ef44505c87f5996,"Microcontroller board",ItemTpl.BARTER_MICROCONTROLLER_BOARD
67586b7e49c2fa592e0d8ed9,"Olivier salad box",ItemTpl.BARTER_OLIVIER_SALAD_BOX
5af0534a86f7743b6f354284,"Ophthalmoscope",ItemTpl.BARTER_OPHTHALMOSCOPE
59e35abd86f7741778269d82,"Pack of sodium bicarbonate",ItemTpl.BARTER_PACK_OF_SODIUM_BICARBONATE
59faff1d86f7746c51718c9c,"Physical Bitcoin",ItemTpl.BARTER_PHYSICAL_BITCOIN
66d9f7256916142b3b02276e,"Radar station spare parts",ItemTpl.BARTER_RADAR_STATION_SPARE_PARTS
67409848d0b2f8eb9b034db9,"Sealed box",ItemTpl.BARTER_SEALED_BOX
67586c61a0c49554ed0bb4a8,"SHYSHKA Christmas tree life extender",ItemTpl.BARTER_SHYSHKA_CHRISTMAS_TREE_LIFE_EXTENDER
5e2af00086f7746d3f3c33f7,"Smoked Chimney drain cleaner",ItemTpl.BARTER_SMOKED_CHIMNEY_DRAIN_CLEANER
5d1b385e86f774252167b98a,"Water filter",ItemTpl.BARTER_WATER_FILTER
5aafbde786f774389d0cbc0f,"Ammunition case",ItemTpl.CONTAINER_AMMUNITION_CASE
590c60fc86f77412b13fddcf,"Documents case",ItemTpl.CONTAINER_DOCUMENTS_CASE
5c093e3486f77430cb02e593,"Dogtag case",ItemTpl.CONTAINER_DOGTAG_CASE
5e2af55f86f7746d4159f07c,"Grenade case",ItemTpl.CONTAINER_GRENADE_CASE
619cbf7d23893217ec30b689,"Injector case",ItemTpl.CONTAINER_INJECTOR_CASE
59fafd4b86f7745ca07e1232,"Key tool",ItemTpl.CONTAINER_KEY_TOOL
619cbf9e0a7c3a1a2731940a,"Keycard holder case",ItemTpl.CONTAINER_KEYCARD_HOLDER_CASE
5b7c710788a4506dec015957,"Lucky Scav Junk box",ItemTpl.CONTAINER_LUCKY_SCAV_JUNK_BOX
5c127c4486f7745625356c13,"Magazine case",ItemTpl.CONTAINER_MAGAZINE_CASE
5aafbcd986f7745e590fff23,"Medicine case",ItemTpl.CONTAINER_MEDICINE_CASE
59fb016586f7746d0d4b423a,"Money case",ItemTpl.CONTAINER_MONEY_CASE
5d235bb686f77443f4331278,"S I C C organizational pouch",ItemTpl.CONTAINER_SICC
5783c43d2459774bbe137486,"Simple wallet",ItemTpl.CONTAINER_SIMPLE_WALLET
66bc98a01a47be227a5e956e,"Streamer item case",ItemTpl.CONTAINER_STREAMER_ITEM_CASE
5c0a840b86f7742ffa4f2482,"T H I C C item case",ItemTpl.CONTAINER_THICC_ITEM_CASE
5b6d9ce188a4501afc1b2b25,"T H I C C Weapon case",ItemTpl.CONTAINER_THICC_WEAPON_CASE
64d0b40fbe2eed70e254e2d4,"Sacred Amulet",ItemTpl.CULTISTAMULET_SACRED_AMULET
5d403f9186f7743cac3f229b,"Bottle of Dan Jackiel whiskey",ItemTpl.DRINK_BOTTLE_OF_DAN_JACKIEL_WHISKEY
5d1b376e86f774252519444e,"Bottle of Fierce Hatchling moonshine",ItemTpl.DRINK_BOTTLE_OF_FIERCE_HATCHLING_MOONSHINE
62a09f32621468534a797acb,"Bottle of Pevko Light beer",ItemTpl.DRINK_BOTTLE_OF_PEVKO_LIGHT_BEER
5d40407c86f774318526545a,"Bottle of Tarkovskaya vodka",ItemTpl.DRINK_BOTTLE_OF_TARKOVSKAYA_VODKA
614451b71e5874611e2c7ae5,"Bottle of Tarkovskaya vodka",ItemTpl.DRINK_BOTTLE_OF_TARKOVSKAYA_VODKA_BAD
5751496424597720a27126da,"Can of Hot Rod energy drink",ItemTpl.DRINK_CAN_OF_HOT_ROD_ENERGY
575062b524597720a31c09a1,"Can of Ice Green tea",ItemTpl.DRINK_CAN_OF_ICE_GREEN_TEA
57513f07245977207e26a311,"Pack of apple juice",ItemTpl.DRINK_PACK_OF_APPLE_JUICE
57513f9324597720a7128161,"Pack of Grand juice",ItemTpl.DRINK_PACK_OF_GRAND_JUICE
544fb62a4bdc2dfb738b4568,"Pack of Russian Army pineapple juice",ItemTpl.DRINK_PACK_OF_RUSSIAN_ARMY_PINEAPPLE_JUICE
57513fcc24597720a31c09a6,"Pack of Vita juice",ItemTpl.DRINK_PACK_OF_VITA_JUICE
544fb37f4bdc2dee738b4567,"Analgin painkillers",ItemTpl.DRUGS_ANALGIN_PAINKILLERS
590c695186f7741e566b64a2,"Augmentin antibiotic pills",ItemTpl.DRUGS_AUGMENTIN_ANTIBIOTIC_PILLS
544fb3f34bdc2d03748b456a,"Morphine injector",ItemTpl.DRUGS_MORPHINE_INJECTOR
5755383e24597772cb798966,"Vaseline balm",ItemTpl.DRUGS_VASELINE_BALM
657089638db3adca1009f4ca,"Atomic Defense CQCM up armored ballistic mask (Black)",ItemTpl.FACECOVER_ATOMIC_DEFENSE_CQCM_UP_ARMORED_BALLISTIC_MASK_BLACK
62a61bbf8ec41a51b34758d2,"Big Pipe's smoking pipe",ItemTpl.FACECOVER_BIG_PIPES_SMOKING_PIPE
62963c18dbc8ab5f0d382d0b,"Death Knight mask",ItemTpl.FACECOVER_DEATH_KNIGHT_MASK
6570aead4d84f81fd002a033,"Death Shadow lightweight armored mask",ItemTpl.FACECOVER_DEATH_SHADOW_LIGHTWEIGHT_ARMORED_MASK
60a7ad3a0c5cb24b0134664a,"Tagilla's welding mask ""Gorilla""",ItemTpl.FACECOVER_TAGILLAS_WELDING_MASK_GORILLA
60a7ad2a2198820d95707a2e,"Tagilla's welding mask ""UBEY""",ItemTpl.FACECOVER_TAGILLAS_WELDING_MASK_UBEY
62178c4d4ecf221597654e3d,"RSP-30 reactive signal cartridge (Red)",ItemTpl.FLARE_RSP30_REACTIVE_SIGNAL_CARTRIDGE_RED
66d9f1abb16d9aacf5068468,"RSP-30 reactive signal cartridge (Special Yellow)",ItemTpl.FLARE_RSP30_REACTIVE_SIGNAL_CARTRIDGE_SPECIAL_YELLOW
57d17c5e2459775a5c57d17d,"Ultrafire WF-501B flashlight",ItemTpl.FLASHLIGHT_ULTRAFIRE_WF501B
57505f6224597709a92585a9,"Alyonka chocolate bar",ItemTpl.FOOD_ALYONKA_CHOCOLATE_BAR
59f8a37386f7747af3328f06,"Fortis Shift tactical foregrip",ItemTpl.FOREGRIP_FORTIS_SHIFT_TACTICAL
588226ef24597767af46e39c,"Magpul AFG tactical foregrip (Olive Drab)",ItemTpl.FOREGRIP_MAGPUL_AFG_TACTICAL_FOREGRIP_OLIVE_DRAB
617fd91e5539a84ec44ce155,"RGN hand grenade",ItemTpl.GRENADE_RGN_HAND
618a431df1eb8e24b8741deb,"RGO hand grenade",ItemTpl.GRENADE_RGO_HAND
5e81ebcd8e146c7080625e15,"FN40GL Mk2 40mm grenade launcher",ItemTpl.GRENADELAUNCHER_FN40GL_01
5aa7e276e5b5b000171d0647,"Altyn bulletproof helmet (Olive Drab)",ItemTpl.HEADWEAR_ALTYN_BULLETPROOF_HELMET_OLIVE_DRAB
5c17a7ed2e2216152142459c,"Crye Precision AirFrame helmet (Tan)",ItemTpl.HEADWEAR_CRYE_PRECISION_AIRFRAME_HELMET_TAN
5b4329f05acfc47a86086aa1,"DevTac Ronin Respirator",ItemTpl.HEADWEAR_DEVTAC_RONIN_RESPIRATOR
65709d2d21b9f815e208ff95,"Diamond Age NeoSteel High Cut helmet (Black)",ItemTpl.HEADWEAR_DIAMOND_AGE_NEOSTEEL_HIGH_CUT_HELMET_BLACK
5f60b34a41e30a4ab12a6947,"Galvion Caiman Hybrid helmet (Grey)",ItemTpl.HEADWEAR_GALVION_CAIMAN_HYBRID_HELMET_GREY
65719f0775149d62ce0a670b,"NPP KlASS Tor-2 helmet (Olive Drab)",ItemTpl.HEADWEAR_NPP_KLASS_TOR2_HELMET_OLIVE_DRAB
5a154d5cfcdbcb001a3b00da,"Ops-Core FAST MT Super High Cut helmet (Black)",ItemTpl.HEADWEAR_OPSCORE_FAST_MT_SUPER_HIGH_CUT_HELMET_BLACK
5ac8d6885acfc400180ae7b0,"Ops-Core FAST MT Super High Cut helmet (Urban Tan)",ItemTpl.HEADWEAR_OPSCORE_FAST_MT_SUPER_HIGH_CUT_HELMET_URBAN_TAN
5f60c74e3b85f6263c145586,"Rys-T bulletproof helmet (Black)",ItemTpl.HEADWEAR_RYST_BULLETPROOF_HELMET_BLACK
5ea05cf85ad9772e6624305d,"Tac-Kek FAST MT helmet (Replica)",ItemTpl.HEADWEAR_TACKEK_FAST_MT_HELMET_REPLICA
5e00c1ad86f774747333222c,"Team Wendy EXFIL Ballistic Helmet (Black)",ItemTpl.HEADWEAR_TEAM_WENDY_EXFIL_BALLISTIC_HELMET_BLACK
5e01ef6886f77445f643baa4,"Team Wendy EXFIL Ballistic Helmet (Coyote Brown)",ItemTpl.HEADWEAR_TEAM_WENDY_EXFIL_BALLISTIC_HELMET_COYOTE_BROWN
5ca20ee186f774799474abc2,"Vulkan-5 LShZ-5 bulletproof helmet (Black)",ItemTpl.HEADWEAR_VULKAN5_LSHZ5_BULLETPROOF_HELMET_BLACK
6389c92d52123d5dd17f8876,"Advanced Electronic Materials textbook",ItemTpl.INFO_ADVANCED_ELECTRONIC_MATERIALS_TEXTBOOK
660bbc98c38b837877075e4a,"Decrypted flash drive",ItemTpl.INFO_DECRYPTED_FLASH_DRIVE
660bc341c38b837877075e4c,"Documents with decrypted data",ItemTpl.INFO_DOCUMENTS_WITH_DECRYPTED_DATA
660bbc47c38b837877075e47,"Encrypted flash drive",ItemTpl.INFO_ENCRYPTED_FLASH_DRIVE
62a0a16d0b9d3c46de5b6e97,"Military flash drive",ItemTpl.INFO_MILITARY_FLASH_DRIVE
590c621186f774138d11ea29,"Secure Flash drive",ItemTpl.INFO_SECURE_FLASH_DRIVE
6331ba83f2ab4f3f09502983,"Secure Flash drive V2",ItemTpl.INFO_SECURE_FLASH_DRIVE_V2
61bf7c024770ee6f9c6b8b53,"Secure magnetic tape cassette",ItemTpl.INFO_SECURE_MAGNETIC_TAPE_CASSETTE
6389c8fb46b54c634724d847,"Silicon Optoelectronic Integrated Circuits textbook",ItemTpl.INFO_SILICON_OPTOELECTRONIC_INTEGRATED_CIRCUITS_TEXTBOOK
6398fd8ad3de3849057f5128,"Backup hideout key",ItemTpl.KEY_BACKUP_HIDEOUT
664d3dd590294949fe2d81b7,"Grumpy's hideout key",ItemTpl.KEY_GRUMPYS_HIDEOUT
664d3de85f2355673b09aed5,"Leon's hideout key",ItemTpl.KEY_LEONS_HIDEOUT
5937ee6486f77408994ba448,"Machinery key",ItemTpl.KEY_MACHINERY
63a39e1d234195315d4020bd,"Primorsky 46-48 skybridge key",ItemTpl.KEY_PRIMORSKY_4648_SKYBRIDGE
64d4b23dc1b37504b41ac2b6,"Rusted bloody key",ItemTpl.KEY_RUSTED_BLOODY
664d3db6db5dea2bad286955,"Shatun's hideout key",ItemTpl.KEY_SHATUNS_HIDEOUT
593962ca86f774068014d9af,"Unknown key",ItemTpl.KEY_UNKNOWN
664d3ddfdda2e85aca370d75,"Voron's hideout key",ItemTpl.KEY_VORONS_HIDEOUT
664a5428d5e33a713b622379,"APOK Tactical Wasteland Gladius",ItemTpl.KNIFE_APOK_TACTICAL_WASTELAND_GLADIUS
65ca457b4aafb5d7fc0dcb5d,"United Cutlery M48 Tactical Kukri",ItemTpl.KNIFE_UNITED_CUTLERY_M48_TACTICAL_KUKRI
62e7e7bbe6da9612f743f1e0,"GP-25 Kostyor 40mm underbarrel grenade launcher",ItemTpl.LAUNCHER_GP25_KOSTYOR_40MM_UNDERBARREL_GRENADE
5648b62b4bdc2d9d488b4585,"GP-34 40mm underbarrel grenade launcher",ItemTpl.LAUNCHER_GP34_40MM_UNDERBARREL_GRENADE
6357c98711fb55120211f7e1,"M203 40mm underbarrel grenade launcher",ItemTpl.LAUNCHER_M203_40MM_UNDERBARREL_GRENADE
567143bf4bdc2d1a0f8b4567,"Pistol case",ItemTpl.LOCKABLECONTAINER_PISTOL_CASE
65268d8ecb944ff1e90ea385,"Degtyarev RPDN 7.62x39 machine gun",ItemTpl.MACHINEGUN_DEGTYAREV_RPDN_762X39_MACHINE_GUN
64637076203536ad5600c990,"Kalashnikov PKM 7.62x54R machine gun",ItemTpl.MACHINEGUN_KALASHNIKOV_PKM_762X54R_MACHINE_GUN
64ca3d3954fc657e230529cc,"Kalashnikov PKP 7.62x54R infantry machine gun",ItemTpl.MACHINEGUN_KALASHNIKOV_PKP_762X54R_INFANTRY_MACHINE_GUN
5c6175362e221600133e3b94,"AK 7.62x39 ProMag AK-A-16 73-round drum magazine",ItemTpl.MAGAZINE_366TKM_AKA16_73RND
5cfe8010d7ad1a59283b14c6,"AK 7.62x39 X Products X-47 50-round drum magazine",ItemTpl.MAGAZINE_366TKM_X47_762_50RND
544a37c44bdc2d25388b4567,"AR-15 5.56x45 SureFire MAG5-60 STANAG 60-round magazine",ItemTpl.MAGAZINE_556X45_MAG560_60RND
59c1383d86f774290a37e0ca,"AR-15 5.56x45 Magpul PMAG D-60 STANAG 60-round magazine",ItemTpl.MAGAZINE_556X45_PMAG_D60_60RND
65ddcc9cfa85b9f17d0dfb07,"Mark of The Unheard",ItemTpl.MARKOFUNKNOWN_MARK_OF_THE_UNHEARD
5fc22d7c187fea44d52eda44,"SWORD International Mk-18 .338 LM marksman rifle",ItemTpl.MARKSMANRIFLE_SWORD_INTERNATIONAL_MK18_338_LM_MARKSMAN_RIFLE
57838ad32459774a17445cd2,"VSS Vintorez 9x39 special sniper rifle",ItemTpl.MARKSMANRIFLE_VSS_VINTOREZ_9X39_SPECIAL_SNIPER_RIFLE
5e8488fa988a8701445df1e4,"CALOK-B hemostatic applicator",ItemTpl.MEDICAL_CALOKB_HEMOSTATIC_APPLICATOR
5e99735686f7744bfc4af32c,"Sanitar kit",ItemTpl.MEDICAL_SANITAR_KIT
5755356824597772cb798962,"AI-2 medkit",ItemTpl.MEDKIT_AI2
5e99711486f7744bfc4af328,"Sanitar's first aid kit",ItemTpl.MEDKIT_SANITARS_FIRST_AID_KIT
5e21ca18e4d47f0da15e77dd,"AK CNC Warrior 5.56x45 muzzle device adapter",ItemTpl.MUZZLECOMBO_AK_CNC_WARRIOR_556X45_MUZZLE_DEVICE_ADAPTER
5c0558060db834001b735271,"L3Harris GPNVG-18 night vision goggles",ItemTpl.NIGHTVISION_L3HARRIS_GPNVG18_NIGHT_VISION_GOGGLES
5d025cc1d7ad1a53845279ef,"AR-15 HK Ergo PSG-1 style pistol grip",ItemTpl.PISTOLGRIP_AR15_HK_ERGO_PSG1_STYLE_PISTOL_GRIP
666b11055a706400b717cfa5,"Tripwire installation kit",ItemTpl.PLANTINGKITS_TRIPWIRE_INSTALLATION_KIT
62e910aaf957f2915e0a5e36,"Digital secure DSP radio transmitter",ItemTpl.RADIOTRANSMITTER_DIGITAL_SECURE_DSP_RADIO_TRANSMITTER
665730fa4de4820934746c48,"Unlocked equipment crate (Rare)",ItemTpl.RANDOMLOOTCONTAINER_ARENA_GEARCRATE_BLUE_OPEN
66573310a1657263d816a139,"Unlocked valuables crate (Rare)",ItemTpl.RANDOMLOOTCONTAINER_ARENA_JEWELRYCRATE_BLUE_OPEN
665732f4464c4b4ba4670fa9,"Unlocked supply crate (Rare)",ItemTpl.RANDOMLOOTCONTAINER_ARENA_JUNKCRATE_BLUE_OPEN
665732e7ac60f009f270d1ef,"Unlocked weapon crate (Rare)",ItemTpl.RANDOMLOOTCONTAINER_ARENA_WEAPONCRATE_BLUE_OPEN
674098588466ebb03408b210,"Opened box",ItemTpl.RANDOMLOOTCONTAINER_EVENT_CONTAINER_CONTRABAND_FAKE
674078c4a9c9adf0450d59f9,"Opened case",ItemTpl.RANDOMLOOTCONTAINER_EVENT_CONTAINER_CONTRABAND_MAIN
6275303a9f372d6ea97f9ec7,"Milkor M32A1 MSGL 40mm grenade launcher",ItemTpl.REVOLVER_MILKOR_M32A1_MSGL_40MM_GRENADE_LAUNCHER
544a11ac4bdc2d470e8b456a,"Secure container Alpha",ItemTpl.SECURE_CONTAINER_ALPHA
5857a8b324597729ab0a0e7d,"Secure container Beta",ItemTpl.SECURE_CONTAINER_BETA
59db794186f77448bc595262,"Secure container Epsilon",ItemTpl.SECURE_CONTAINER_EPSILON
5857a8bc2459772bad15db29,"Secure container Gamma",ItemTpl.SECURE_CONTAINER_GAMMA
665ee77ccf2d642e98220bca,"Secure container Gamma",ItemTpl.SECURE_CONTAINER_GAMMA_TUE
5c093ca986f7740a1867ab12,"Secure container Kappa",ItemTpl.SECURE_CONTAINER_KAPPA
664a55d84a90fc2c8a6305c9,"Secure container Theta",ItemTpl.SECURE_CONTAINER_THETA
5732ee6a24597719ae0c0281,"Waist pouch",ItemTpl.SECURE_WAIST_POUCH
66ffa9b66e19cc902401c5e8,"MPS Auto Assault-12 Gen 1 12ga automatic shotgun",ItemTpl.SHOTGUN_MPS_AUTO_ASSAULT12_GEN_1_12GA_AUTOMATIC
67124dcfa3541f2a1f0e788b,"MPS Auto Assault-12 Gen 2 12ga automatic shotgun",ItemTpl.SHOTGUN_MPS_AUTO_ASSAULT12_GEN_2_12GA_AUTOMATIC
5e848cc2988a8701445df1e8,"TOZ KS-23M 23x75mm pump-action shotgun",ItemTpl.SHOTGUN_TOZ_KS23M_23X75MM_PUMPACTION
620109578d82e67e7911abf2,"ZiD SP-81 26x75 signal pistol",ItemTpl.SIGNALPISTOL_ZID_SP81_26X75_SIGNAL_PISTOL
627e14b21713922ded6f2c15,"Accuracy International AXMC .338 LM bolt-action sniper rifle",ItemTpl.SNIPERRIFLE_ACCURACY_INTERNATIONAL_AXMC_338_LM_BOLTACTION_SNIPER_RIFLE
63fc44e2429a8a166c7f61e6,"Armasight Zeus-Pro 640 2-8x50 30Hz thermal scope",ItemTpl.SPECIALSCOPE_ARMASIGHT_ZEUSPRO_640_28X50_30HZ_THERMAL_SCOPE
5d1b5e94d7ad1a2b865a96b0,"FLIR RS-32 2.25-9x 35mm 60Hz thermal riflescope",ItemTpl.SPECIALSCOPE_FLIR_RS32_2259X_35MM_60HZ_THERMAL_RIFLESCOPE
6478641c19d732620e045e17,"SIG Sauer ECHO1 1-2x30mm 30Hz thermal reflex scope",ItemTpl.SPECIALSCOPE_SIG_SAUER_ECHO1_12X30MM_30HZ_THERMAL_REFLEX_SCOPE
5a1eaa87fcdbcb001865f75e,"Trijicon REAP-IR thermal scope",ItemTpl.SPECIALSCOPE_TRIJICON_REAPIR_THERMAL_SCOPE
63a0b2eabea67a6d93009e52,"Radio repeater",ItemTpl.SPECITEM_RADIO_REPEATER
6655e35b6bc645cb7b059912,"""The Eye"" mortar strike signaling device",ItemTpl.SPECITEM_THE_EYE_MORTAR_STRIKE_SIGNALING_DEVICE
5b4391a586f7745321235ab2,"WI-FI Camera",ItemTpl.SPECITEM_WIFI_CAMERA
5ed515c8d380ab312177c0fa,"3-(b-TG) stimulant injector",ItemTpl.STIM_3BTG_STIMULANT_INJECTOR
5c10c8fd86f7743d7d706df3,"Adrenaline injector",ItemTpl.STIM_ADRENALINE_INJECTOR
5ed515f6915ec335206e4152,"AHF1-M stimulant injector",ItemTpl.STIM_AHF1M_STIMULANT_INJECTOR
5ed515e03a40a50460332579,"L1 (Norepinephrine) injector",ItemTpl.STIM_L1_NOREPINEPHRINE_INJECTOR
5ed5160a87bb8443d10680b5,"Meldonin injector",ItemTpl.STIM_MELDONIN_INJECTOR
5ed51652f6c34d2cc26336a1,"M.U.L.E. stimulant injector",ItemTpl.STIM_MULE_STIMULANT_INJECTOR
5ed5166ad380ab312177c100,"Obdolbos cocktail injector",ItemTpl.STIM_OBDOLBOS_COCKTAIL_INJECTOR
637b6251104668754b72f8f9,"Perfotoran (Blue Blood) stimulant injector",ItemTpl.STIM_PERFOTORAN_BLUE_BLOOD_STIMULANT_INJECTOR
5c0e530286f7747fa1419862,"Propital regenerative stimulant injector",ItemTpl.STIM_PROPITAL_REGENERATIVE_STIMULANT_INJECTOR
5c0e531286f7747fa54205c2,"SJ1 TGLabs combat stimulant injector",ItemTpl.STIM_SJ1_TGLABS_COMBAT_STIMULANT_INJECTOR
5c0e531d86f7747fa23f4d42,"SJ6 TGLabs combat stimulant injector",ItemTpl.STIM_SJ6_TGLABS_COMBAT_STIMULANT_INJECTOR
637b620db7afa97bfc3d7009,"Trimadol stimulant injector",ItemTpl.STIM_TRIMADOL_STIMULANT_INJECTOR
5fca138c2a7b221b2852a5c6,"xTG-12 antidote injector",ItemTpl.STIM_XTG12_ANTIDOTE_INJECTOR
5c0e533786f7747fa23f4d47,"Zagustin hemostatic drug injector",ItemTpl.STIM_ZAGUSTIN_HEMOSTATIC_DRUG_INJECTOR
5b47574386f77428ca22b2ed,"Energy elements",NOT_FOUND
5b47574386f77428ca22b2ee,"Building materials",NOT_FOUND
5b47574386f77428ca22b2ef,"Electronics",NOT_FOUND
5b47574386f77428ca22b2f0,"Household materials",NOT_FOUND
5b47574386f77428ca22b2f1,"Valuables",NOT_FOUND
5b47574386f77428ca22b2f2,"Flammable materials",NOT_FOUND
5b47574386f77428ca22b2f3,"Medical supplies",NOT_FOUND
5b47574386f77428ca22b2f4,"Others",NOT_FOUND
5b47574386f77428ca22b2f6,"Tools",NOT_FOUND
5b47574386f77428ca22b32f,"Facecovers",NOT_FOUND
5b47574386f77428ca22b330,"Headgear",NOT_FOUND
5b47574386f77428ca22b331,"Eyewear",NOT_FOUND
5b47574386f77428ca22b335,"Drinks",NOT_FOUND
5b47574386f77428ca22b336,"Food",NOT_FOUND
5b47574386f77428ca22b337,"Pills",NOT_FOUND
5b47574386f77428ca22b338,"Medkits",NOT_FOUND
5b47574386f77428ca22b339,"Injury treatment",NOT_FOUND
5b47574386f77428ca22b33a,"Injectors",NOT_FOUND
5b47574386f77428ca22b33b,"Rounds",NOT_FOUND
5b47574386f77428ca22b33c,"Ammo packs",NOT_FOUND
5b47574386f77428ca22b33e,"Barter items",NOT_FOUND
5b47574386f77428ca22b33f,"Gear",NOT_FOUND
5b47574386f77428ca22b340,"Provisions",NOT_FOUND
5b47574386f77428ca22b341,"Info items",NOT_FOUND
5b47574386f77428ca22b342,"Keys",NOT_FOUND
5b47574386f77428ca22b343,"Maps",NOT_FOUND
5b47574386f77428ca22b344,"Medication",NOT_FOUND
5b47574386f77428ca22b345,"Special equipment",NOT_FOUND
5b47574386f77428ca22b346,"Ammo",NOT_FOUND
5b5f6f3c86f774094242ef87,"Headsets",NOT_FOUND
5b5f6f6c86f774093f2ecf0b,"Backpacks",NOT_FOUND
5b5f6f8786f77447ed563642,"Tactical rigs",NOT_FOUND
5b5f6fa186f77409407a7eb7,"Storage containers",NOT_FOUND
5b5f6fd286f774093f2ecf0d,"Secure containers",NOT_FOUND
5b5f701386f774093f2ecf0f,"Body armor",NOT_FOUND
5b5f704686f77447ec5d76d7,"Gear components",NOT_FOUND
5b5f71a686f77447ed5636ab,"Weapon parts & mods",NOT_FOUND
5b5f71b386f774093f2ecf11,"Functional mods",NOT_FOUND
5b5f71c186f77409407a7ec0,"Bipods",NOT_FOUND
5b5f71de86f774093f2ecf13,"Foregrips",NOT_FOUND
5b5f724186f77447ed5636ad,"Muzzle devices",NOT_FOUND
5b5f724c86f774093f2ecf15,"Flashhiders & brakes",NOT_FOUND
5b5f72f786f77447ec5d7702,"Muzzle adapters",NOT_FOUND
5b5f731a86f774093e6cb4f9,"Suppressors",NOT_FOUND
5b5f736886f774094242f193,"Light & laser devices",NOT_FOUND
5b5f737886f774093e6cb4fb,"Tactical combo devices",NOT_FOUND
5b5f73ab86f774094242f195,"Flashlights",NOT_FOUND
5b5f73c486f77447ec5d7704,"Laser aiming modules",NOT_FOUND
5b5f73ec86f774093e6cb4fd,"Sights",NOT_FOUND
5b5f740a86f77447ec5d7706,"Assault scopes",NOT_FOUND
5b5f742686f774093e6cb4ff,"Collimators",NOT_FOUND
5b5f744786f774094242f197,"Compact collimators",NOT_FOUND
5b5f746686f77447ec5d7708,"Iron sights",NOT_FOUND
5b5f748386f774093e6cb501,"Optics",NOT_FOUND
5b5f749986f774094242f199,"Special purpose sights",NOT_FOUND
5b5f74cc86f77447ec5d770a,"Auxiliary parts",NOT_FOUND
5b5f750686f774093e6cb503,"Gear mods",NOT_FOUND
5b5f751486f77447ec5d770c,"Charging handles",NOT_FOUND
5b5f752e86f774093e6cb505,"Launchers",NOT_FOUND
5b5f754a86f774094242f19b,"Magazines",NOT_FOUND
5b5f755f86f77447ec5d770e,"Mounts",NOT_FOUND
5b5f757486f774093e6cb507,"Stocks & chassis",NOT_FOUND
5b5f759686f774094242f19d,"Magwells",NOT_FOUND
5b5f75b986f77447ec5d7710,"Vital parts",NOT_FOUND
5b5f75c686f774094242f19f,"Barrels",NOT_FOUND
5b5f75e486f77447ec5d7712,"Handguards",NOT_FOUND
5b5f760586f774093e6cb509,"Gas blocks",NOT_FOUND
5b5f761f86f774094242f1a1,"Pistol grips",NOT_FOUND
5b5f764186f77447ec5d7714,"Receivers & slides",NOT_FOUND
5b5f78b786f77447ed5636af,"Money",NOT_FOUND
5b5f78dc86f77409407a7f8e,"Weapons",NOT_FOUND
5b5f78e986f77447ed5636b1,"Assault carbines",NOT_FOUND
5b5f78fc86f77409407a7f90,"Assault rifles",NOT_FOUND
5b5f791486f774093f2ed3be,"Marksman rifles",NOT_FOUND
5b5f792486f77447ed5636b3,"Pistols",NOT_FOUND
5b5f794b86f77409407a7f92,"Shotguns",NOT_FOUND
5b5f796a86f774093f2ed3c0,"Submachine guns",NOT_FOUND
5b5f798886f77447ed5636b5,"Bolt-action rifles",NOT_FOUND
5b5f79a486f77409407a7f94,"Machine guns",NOT_FOUND
5b5f79d186f774093f2ed3c2,"Grenade launchers",NOT_FOUND
5b5f79eb86f77447ed5636b7,"Special weapons",NOT_FOUND
5b5f7a0886f77409407a7f96,"Melee weapons",NOT_FOUND
5b5f7a2386f774093f2ed3c4,"Throwables",NOT_FOUND
5b619f1a86f77450a702a6f3,"Task items",NOT_FOUND
5c518ec986f7743b68682ce2,"Mechanical keys",NOT_FOUND
5c518ed586f774119a772aee,"Electronic keys",NOT_FOUND
6564b96a189fe36f356d177c,"",NOT_FOUND
63da4dbee8fa73e22500001a,"UNKNOWN",NOT_FOUND
63da4dbee8fa73e22500001b,"UNKNOWN",NOT_FOUND
63da4dbee8fa73e22500001c,"UNKNOWN",NOT_FOUND
63da4dbee8fa73e22500001d,"UNKNOWN",NOT_FOUND
63da4dbee8fa73e225000001,"UNKNOWN",NOT_FOUND
63da4dbee8fa73e225000002,"UNKNOWN",NOT_FOUND
63da4dbee8fa73e225000003,"UNKNOWN",NOT_FOUND
63da4dbee8fa73e225000004,"UNKNOWN",NOT_FOUND
63da4dbee8fa73e225000005,"UNKNOWN",NOT_FOUND
63da4dbee8fa73e225000006,"UNKNOWN",NOT_FOUND
63da4dbee8fa73e225000007,"UNKNOWN",NOT_FOUND
63da4dbee8fa73e225000008,"UNKNOWN",NOT_FOUND
63da4dbee8fa73e225000009,"UNKNOWN",NOT_FOUND
63da4dbee8fa73e225000010,"UNKNOWN",NOT_FOUND
63da4dbee8fa73e225000011,"UNKNOWN",NOT_FOUND
63da4dbee8fa73e225000012,"UNKNOWN",NOT_FOUND
63da4dbee8fa73e225000013,"UNKNOWN",NOT_FOUND
63da4dbee8fa73e225000014,"UNKNOWN",NOT_FOUND
63da4dbee8fa73e225000015,"UNKNOWN",NOT_FOUND
63da4dbee8fa73e225000016,"UNKNOWN",NOT_FOUND
62710974e71632321e5afd5f,"UNKNOWN",NOT_FOUND
62710a8c403346379e3de9be,"UNKNOWN",NOT_FOUND
62710a69adfbd4354d79c58e,"UNKNOWN",NOT_FOUND
6271093e621b0a76055cd61e,"UNKNOWN",NOT_FOUND
62710a0e436dcc0b9c55f4ec,"UNKNOWN",NOT_FOUND
63966fccac6f8f3c677b9d89,"UNKNOWN",QuestTpl.SNATCH
6179ad0a6e9dd54ac275e3f2,"UNKNOWN",QuestTpl.THE_HUNTSMAN_PATH_OUTCASTS
5bc47dbf86f7741ee74e93b9,"UNKNOWN",QuestTpl.THE_TARKOV_SHOOTER_PART_3